{
    "birds": {
        "sounds": [
            "birds"
        ]
    },
    "like_a_star": {
        "sounds": [
            "like_a_star"
        ]
    },
    "Longing": {
        "sounds": [
            "Longing"
        ]
    },
    "断了的弦": {
        "sounds": [
            "断了的弦"
        ]
    },
    "風見鶏": {
        "sounds": [
            "風見鶏"
        ]
    },
    "轮回的书信": {
        "sounds": [
            "轮回的书信"
        ]
    },
    "鸟之诗": {
        "sounds": [
            "鸟之诗"
        ]
    },
    "团结就是力量-群星": {
        "sounds": [
            "团结就是力量-群星"
        ]
    },
    "我们走在大路上": {
        "sounds": [
            "我们走在大路上"
        ]
    },
    "原神": {
        "sounds": [
            "原神"
        ]
    },
    "咱们工人有力量_嘿！": {
        "sounds": [
            "咱们工人有力量_嘿！"
        ]
    }
}